{"cameraMode":{"drawMode":0,"name":"Shaded","section":"Shading Mode"},"sceneLighting":true,"audioPlay":false,"sceneViewState":{"m_AlwaysRefresh":false,"showFog":true,"showSkybox":true,"showFlares":true,"showImageEffects":true,"showParticleSystems":true,"showVisualEffectGraphs":true,"m_FxEnabled":true},"in2DMode":false,"pivot":{"x":15.464173316955567,"y":2.675539493560791,"z":11.550071716308594},"rotation":{"x":0.008688540197908879,"y":0.9805152416229248,"z":-0.19092008471488954,"w":0.04444845765829086},"size":0.8660253882408142,"orthographic":false}